admin,123456
safidy,qw
Jedidia,ubuntu
olona,saka
saka,olona
 ª•*,
`è	À,
,
`üÿê,
,
 ÎÁÓß,
 ª˜FP,
`“N,
 ˝∞',
`?Ωi,
 ˚‰Ã‰,
`5Ï,
`PÃ,
`ü∫,
`è,
 õ"/J,
`_˚ª,
 kê> ,
 €q’,
`O<˜,
`è–,
`ü«,
 [M,
`_˙3,
`ØX¿,
`ü˝,
`ØJB,
`Çg,
 ´HãÍ,
`ØÓô,
`ˆq,
`ˇ∫0,
`ˇ…‰,
`?f,
 ïo,
 €Àw|,
 Î∫eF,
`Ø–¨,
 õê[W,
 	y,
 ˚õuC,
`/–Æ,
`è√ú,
 õ„ah,
 ˚DO-,
 [åL£,
`/él,
 õÂ ,
`ØÛy,
`oô7,
`œ{,
`Ô¨	,
 À:gp,
`O˝‹,
 {'1,
`Õ,
`ØF,
 {)n,
 ˚uoy,
`6Û,
 +]b,
`œˆ,
 ª†ﬁ£,
 ´|‘Á,
`ø3i,
`Ôr,
 õ˛`£,
 kr–Ï,
`üZ‡,
 ÎÚ˙›,
 ˚ø,
`Øa,
`%t,
 +◊„ó,
`Øû≥,
`ﬂk,
 [‹¸~,
`ø8œ,
 €ú∑E,
 ;B-Î,
`èØn,
 i-“,
`üﬂP,
`oNß,
 ´ô]?,
`è£,
 ª¨˙ø,
 ;Fy,
 Î5Pò,
 ªØÌ,
`è+ﬁ,
 ÀLBÒ,
 :H9,
`èˇ≈,
`?´M,
 ´¡¨’,
`ØÉÁ,
 ˚cÍn,
`œú,
`ñq,
 ãÄ˘¡,
 +1â,
`ˇ∞”,
 ÎçÔZ,
`5,
`è3›,
`æh,
 +òã8,
`èˇ«,
`èC
,
 S,
`Ôm$,
 ãøˇ~,
`Oü◊,
`ﬂÿ,
`ˆ,
`	,
`O≈,
`71,
 €+∂v,
 “©À,
 ÀÕÙ,
 ª¨,
`/ı´,
 ªÊ)^,
 õGn,,
alika,sady